"Source:","C:\Users\ancap\OneDrive\Documentos\GitHub\Gabinete_sensores\CircuitDesing\Sensores\embebidos.kicad_sch"
"Date:","4/11/2022 9:55:43 p.Â m."
"Tool:","Eeschema (6.0.7)"
"Generator:","C:\Program Files\KiCad\6.0\bin\scripting\plugins/bom_csv_grouped_by_value.py"
"Component Count:","37"

"Individual Components:"

"Item","Qty","Reference(s)","Value","LibPart","Footprint","Datasheet"
"","","Actuadores1","RJ45","Connector:RJ45","Connector_RJ:RJ45_Amphenol_54602-x08_Horizontal","~"
"","","BOOT1","SW_Push","Switch:SW_Push","Button_Switch_SMD:SW_Push_1P1T_NO_6x6mm_H9.5mm","~"
"","","C1","1uF","Device:C_Small","Capacitor_SMD:C_0603_1608Metric_Pad1.08x0.95mm_HandSolder","~"
"","","C2","0.1uF","Device:C_Small","Capacitor_SMD:C_0603_1608Metric_Pad1.08x0.95mm_HandSolder","~"
"","","C3","10uF","Device:C_Small","Capacitor_SMD:C_0603_1608Metric_Pad1.08x0.95mm_HandSolder","~"
"","","C4","1uF","Device:C_Small","Capacitor_SMD:C_0603_1608Metric_Pad1.08x0.95mm_HandSolder","~"
"","","C5","10u","Device:C_Polarized","Capacitor_SMD:C_0603_1608Metric_Pad1.08x0.95mm_HandSolder","~"
"","","C6","100u","Device:C_Polarized","Capacitor_SMD:C_0603_1608Metric_Pad1.08x0.95mm_HandSolder","~"
"","","COMUNICACION1","RJ45","Connector:RJ45","Connector_RJ:RJ45_Amphenol_54602-x08_Horizontal","~"
"","","DHT11_1","Conn_01x03","Connector_Generic:Conn_01x03","Connector_JST:JST_EH_B3B-EH-A_1x03_P2.50mm_Vertical","~"
"","","DHT11_2","Conn_01x03","Connector_Generic:Conn_01x03","Connector_JST:JST_EH_B3B-EH-A_1x03_P2.50mm_Vertical","~"
"","","EN1","SW_Push","Switch:SW_Push","Button_Switch_SMD:SW_Push_1P1T_NO_6x6mm_H9.5mm","~"
"","","HC-SR1","Conn_01x04","Connector_Generic:Conn_01x04","Connector_JST:JST_EH_B4B-EH-A_1x04_P2.50mm_Vertical","~"
"","","J1","Conn_01x03_Male","Connector:Conn_01x03_Male","Connector_PinHeader_2.54mm:PinHeader_1x03_P2.54mm_Vertical","~"
"","","J2","Conn_01x02","Connector_Generic:Conn_01x02","TerminalBlock:TerminalBlock_bornier-2_P5.08mm","~"
"","","J_I2C1","Conn_01x05_Male","Connector:Conn_01x05_Male","Connector_PinSocket_2.54mm:PinSocket_1x05_P2.54mm_Horizontal","~"
"","","JI2C1","Conn_01x04","Connector_Generic:Conn_01x04","Connector_JST:JST_EH_B4B-EH-A_1x04_P2.50mm_Vertical","~"
"","","L_p1","LED","Device:LED","LED_SMD:LED_0805_2012Metric_Pad1.15x1.40mm_HandSolder","~"
"","","Q2","BSS138","Transistor_FET:BSS138","Package_TO_SOT_SMD:SOT-23","https://www.onsemi.com/pub/Collateral/BSS138-D.PDF"
"","","Q3","BSS138","Transistor_FET:BSS138","Package_TO_SOT_SMD:SOT-23","https://www.onsemi.com/pub/Collateral/BSS138-D.PDF"
"","","R1","10k","Device:R","Resistor_SMD:R_0603_1608Metric_Pad0.98x0.95mm_HandSolder","~"
"","","R2","10k","Device:R","Resistor_SMD:R_0603_1608Metric_Pad0.98x0.95mm_HandSolder","~"
"","","R3","2k","Device:R","Resistor_SMD:R_0603_1608Metric_Pad0.98x0.95mm_HandSolder","~"
"","","R4","10k","Device:R","Resistor_SMD:R_0603_1608Metric_Pad0.98x0.95mm_HandSolder","~"
"","","R5","10k","Device:R","Resistor_SMD:R_0603_1608Metric_Pad0.98x0.95mm_HandSolder","~"
"","","R6","10k","Device:R","Resistor_SMD:R_0603_1608Metric_Pad0.98x0.95mm_HandSolder","~"
"","","R7","10k","Device:R","Resistor_SMD:R_0603_1608Metric_Pad0.98x0.95mm_HandSolder","~"
"","","R_p1","47","Device:R","Resistor_SMD:R_0805_2012Metric_Pad1.20x1.40mm_HandSolder","~"
"","","RCL1","10k","Device:R","Resistor_SMD:R_0805_2012Metric_Pad1.20x1.40mm_HandSolder","~"
"","","RCL2","10k","Device:R","Resistor_SMD:R_0805_2012Metric_Pad1.20x1.40mm_HandSolder","~"
"","","RDA1","10k","Device:R","Resistor_SMD:R_0805_2012Metric_Pad1.20x1.40mm_HandSolder","~"
"","","RDA2","10k","Device:R","Resistor_SMD:R_0805_2012Metric_Pad1.20x1.40mm_HandSolder","~"
"","","REED1","Conn_01x02","Connector_Generic:Conn_01x02","Connector_JST:JST_EH_B2B-EH-A_1x02_P2.50mm_Vertical","~"
"","","RIEGO1","RJ45","Connector:RJ45","Connector_RJ:RJ45_Amphenol_54602-x08_Horizontal","~"
"","","SE093_1","Conn_01x03","Connector_Generic:Conn_01x03","Connector_JST:JST_EH_B3B-EH-A_1x03_P2.50mm_Vertical","~"
"","","U1","ESP32-WROOM-32","RF_Module:ESP32-WROOM-32","RF_Module:ESP32-WROOM-32","https://www.espressif.com/sites/default/files/documentation/esp32-wroom-32_datasheet_en.pdf"
"","","U2","AMS1117-3.3","Regulator_Linear:AMS1117-3.3","Package_TO_SOT_SMD:SOT-223-3_TabPin2","http://www.advanced-monolithic.com/pdf/ds1117.pdf"



"Collated Components:"

"Item","Qty","Reference(s)","Value","LibPart","Footprint","Datasheet"
"1","3","Actuadores1, COMUNICACION1, RIEGO1","RJ45","Connector:RJ45","Connector_RJ:RJ45_Amphenol_54602-x08_Horizontal","~"
"2","2","BOOT1, EN1","SW_Push","Switch:SW_Push","Button_Switch_SMD:SW_Push_1P1T_NO_6x6mm_H9.5mm","~"
"3","2","C1, C4","1uF","Device:C_Small","Capacitor_SMD:C_0603_1608Metric_Pad1.08x0.95mm_HandSolder","~"
"4","1","C2","0.1uF","Device:C_Small","Capacitor_SMD:C_0603_1608Metric_Pad1.08x0.95mm_HandSolder","~"
"5","1","C3","10uF","Device:C_Small","Capacitor_SMD:C_0603_1608Metric_Pad1.08x0.95mm_HandSolder","~"
"6","1","C5","10u","Device:C_Polarized","Capacitor_SMD:C_0603_1608Metric_Pad1.08x0.95mm_HandSolder","~"
"7","1","C6","100u","Device:C_Polarized","Capacitor_SMD:C_0603_1608Metric_Pad1.08x0.95mm_HandSolder","~"
"8","3","DHT11_1, DHT11_2, SE093_1","Conn_01x03","Connector_Generic:Conn_01x03","Connector_JST:JST_EH_B3B-EH-A_1x03_P2.50mm_Vertical","~"
"9","2","HC-SR1, JI2C1","Conn_01x04","Connector_Generic:Conn_01x04","Connector_JST:JST_EH_B4B-EH-A_1x04_P2.50mm_Vertical","~"
"10","1","J1","Conn_01x03_Male","Connector:Conn_01x03_Male","Connector_PinHeader_2.54mm:PinHeader_1x03_P2.54mm_Vertical","~"
"11","1","J2","Conn_01x02","Connector_Generic:Conn_01x02","TerminalBlock:TerminalBlock_bornier-2_P5.08mm","~"
"12","1","J_I2C1","Conn_01x05_Male","Connector:Conn_01x05_Male","Connector_PinSocket_2.54mm:PinSocket_1x05_P2.54mm_Horizontal","~"
"13","1","L_p1","LED","Device:LED","LED_SMD:LED_0805_2012Metric_Pad1.15x1.40mm_HandSolder","~"
"14","2","Q2, Q3","BSS138","Transistor_FET:BSS138","Package_TO_SOT_SMD:SOT-23","https://www.onsemi.com/pub/Collateral/BSS138-D.PDF"
"15","6","R1, R2, R4, R5, R6, R7","10k","Device:R","Resistor_SMD:R_0603_1608Metric_Pad0.98x0.95mm_HandSolder","~"
"16","1","R3","2k","Device:R","Resistor_SMD:R_0603_1608Metric_Pad0.98x0.95mm_HandSolder","~"
"17","1","R_p1","47","Device:R","Resistor_SMD:R_0805_2012Metric_Pad1.20x1.40mm_HandSolder","~"
"18","4","RCL1, RCL2, RDA1, RDA2","10k","Device:R","Resistor_SMD:R_0805_2012Metric_Pad1.20x1.40mm_HandSolder","~"
"19","1","REED1","Conn_01x02","Connector_Generic:Conn_01x02","Connector_JST:JST_EH_B2B-EH-A_1x02_P2.50mm_Vertical","~"
"20","1","U1","ESP32-WROOM-32","RF_Module:ESP32-WROOM-32","RF_Module:ESP32-WROOM-32","https://www.espressif.com/sites/default/files/documentation/esp32-wroom-32_datasheet_en.pdf"
"21","1","U2","AMS1117-3.3","Regulator_Linear:AMS1117-3.3","Package_TO_SOT_SMD:SOT-223-3_TabPin2","http://www.advanced-monolithic.com/pdf/ds1117.pdf"
